<manifest><control namespace="EightyThirtyFiveSolutions" constructor="CustomMatrixPCF" version="0.1.0" display-name-key="CustomMatrixPCF" description-key="Pivot table control for Power Platform subgrids" control-type="standard" api-version="1.3.18"><external-service-usage enabled="false" /><data-set name="sampleDataSet" display-name-key="Dataset_Display_Key" description-key="Dataset_Desc_Key" /><property name="groupByRow" display-name-key="Row Field" description-key="Logical name of the field to use for row headers" of-type="SingleLine.Text" usage="input" required="true" /><property name="groupByColumn" display-name-key="Column Field" description-key="Logical name of the field to use for column headers" of-type="SingleLine.Text" usage="input" required="true" /><property name="valueField" display-name-key="Value Field" description-key="Logical name of the field to aggregate in cells" of-type="SingleLine.Text" usage="input" required="true" /><property name="aggregationType" display-name-key="Aggregation Type" description-key="Type of aggregation to perform" of-type="Enum" usage="input" required="true"><value name="COUNT" display-name-key="Count" description-key="Count of records">0</value><value name="SUM" display-name-key="Sum" description-key="Sum of values">1</value><value name="AVG" display-name-key="Average" description-key="Average of values">2</value><value name="MIN" display-name-key="Minimum" description-key="Minimum value">3</value><value name="MAX" display-name-key="Maximum" description-key="Maximum value">4</value></property><property name="showTotals" display-name-key="Show Totals" description-key="Display total row and column" of-type="TwoOptions" usage="input" required="false" default-value="true" /><property name="showTitle" display-name-key="Show Title" description-key="Display title with accent bar above the matrix" of-type="TwoOptions" usage="input" required="false" default-value="true" /><resources><code path="bundle.js" order="1" /><css path="css/CustomMatrixPCF.css" order="1" /></resources><feature-usage /><built-by name="pac" version="1.51.1" /></control></manifest>