<manifest><control namespace="EightyThirtyFiveSolutions" constructor="CustomMatrixPCF" version="0.1.0" display-name-key="CustomMatrixPCF" description-key="CustomMatrixPCF description" control-type="standard" api-version="1.3.18"><external-service-usage enabled="false" /><type-group name="headerFields"><type>SingleLine.Text</type><type>OptionSet</type><type>TwoOptions</type><type>Whole.None</type><type>Decimal</type><type>Currency</type><type>FP</type><type>MultiSelectOptionSet</type></type-group><type-group name="cellFields"><type>SingleLine.Text</type><type>OptionSet</type><type>TwoOptions</type><type>Whole.None</type><type>Decimal</type><type>Currency</type><type>FP</type><type>DateAndTime.DateOnly</type><type>DateAndTime.DateAndTime</type><type>MultiSelectOptionSet</type></type-group><data-set name="matrixDataSet" display-name-key="Matrix_Dataset" description-key="Dataset containing records for the matrix"><property-set name="rowHeaderField" display-name-key="Row Header Field" description-key="Field to use for row headers" of-type-group="headerFields" usage="bound" required="true" /><property-set name="columnHeaderField" display-name-key="Column Header Field" description-key="Field to use for column headers" of-type-group="headerFields" usage="bound" required="true" /><property-set name="cellContentField" display-name-key="Cell Content Field" description-key="Field to display in cells (no lookups)" of-type-group="cellFields" usage="bound" required="true" /><property-set name="rowGroupField" display-name-key="Row Group Field" description-key="Optional field to group rows" of-type-group="headerFields" usage="bound" required="false" /></data-set><property name="cellCalculation" display-name-key="Cell Calculation" description-key="Calculation type: Count, Sum, Average, Max, Min" of-type="Enum" usage="input" required="true"><value name="Count" display-name-key="Count" description-key="Count records">0</value><value name="Sum" display-name-key="Sum" description-key="Sum values">1</value><value name="Average" display-name-key="Average" description-key="Average values">2</value><value name="Max" display-name-key="Max" description-key="Maximum value">3</value><value name="Min" display-name-key="Min" description-key="Minimum value">4</value></property><property name="showColumnTotals" display-name-key="Show Column Totals" description-key="Display totals at bottom of columns" of-type="TwoOptions" usage="input" required="true" /><property name="showRowTotals" display-name-key="Show Row Totals" description-key="Display totals at end of rows" of-type="TwoOptions" usage="input" required="true" /><resources><code path="bundle.js" order="1" /><css path="css/CustomMatrixPCF.css" order="1" /></resources><feature-usage /><built-by name="pac" version="1.51.1" /></control></manifest>